{
    "loss": 8.704854965209961,
    "accuracy": 0.2276785671710968
}